{"cameraMode":{"drawMode":0,"name":"Shaded","section":"Shading Mode"},"sceneLighting":false,"audioPlay":false,"sceneViewState":{"m_AlwaysRefresh":false,"showFog":true,"showSkybox":false,"showFlares":true,"showImageEffects":true,"showParticleSystems":true,"showVisualEffectGraphs":true,"m_FxEnabled":true},"in2DMode":false,"pivot":{"x":1.8423311710357667,"y":0.9219028353691101,"z":-23.489362716674806},"rotation":{"x":-0.050269342958927158,"y":-0.8033721446990967,"z":0.06940951943397522,"w":-0.5891275405883789},"size":8.876760482788086,"orthographic":false}